date,new_jobs
2026-07-06,1917
2026-07-10,231
2026-07-11,6
2026-07-12,33
2026-07-13,61
2026-07-14,65
2026-07-15,74
2026-07-16,53
2026-07-17,84
2026-07-18,9
2026-07-19,3
2026-07-20,85
2026-07-21,68
2026-07-22,74
2026-07-23,61
2026-07-24,81
2026-07-25,14
2026-07-26,8
2026-07-27,63
2026-07-28,88
2026-07-29,86
2026-07-30,98
2026-07-31,106
2026-08-01,40
2026-08-02,12
2026-08-03,6
2026-08-04,24
2026-08-05,14
2026-08-06,12
2026-08-07,15
2026-08-08,8
2026-08-09,1
2026-08-10,43
2026-08-11,8
2026-08-12,16
2026-08-13,27
2026-08-14,15
2026-08-15,36
2026-08-16,15
2026-08-17,27
2026-08-18,19
2026-08-19,17
2026-08-20,10
2026-08-21,18
2026-08-23,3
2026-08-26,1295
2026-08-27,124
2026-08-28,111
2026-08-29,7
2026-08-30,17
2026-08-31,101
2026-09-01,129
2026-09-02,164
2026-09-03,172
2026-09-04,121
2026-09-05,38
2026-09-06,5
2026-09-07,111
2026-09-08,138
2026-09-09,154
2026-09-10,136
2026-09-11,153
2026-09-12,31
2026-09-13,284
2026-09-14,140
2026-09-15,166
2026-09-16,194
2026-09-17,147
2026-09-18,204
2026-09-19,32
2026-09-20,29
2026-09-21,147
2026-09-22,204
2026-09-23,182
2026-09-24,207
2026-09-25,203
2026-09-26,85
2026-09-27,103
2026-09-28,342
2026-09-29,1618
2026-09-30,3576
