region,job_count
Germany,8140
Belgium,1540
France,863
Switzerland,655
United Kingdom,534
Malta,317
Unspecified,307
Spain,223
Hungary,185
Austria,163
Portugal,160
Poland,155
Ireland,154
Romania,148
Other,145
Sweden,132
Italy,125
Netherlands,117
Belarus,77
Greece,67
Slovenia,64
Bulgaria,60
Norway,43
Turkey,39
Czechia,35
Slovakia,26
Ukraine,24
Serbia,24
Denmark,21
Finland,21
Croatia,15
Lithuania,12
Cyprus,9
Estonia,8
Luxembourg,5
Albania,5
Bosnia and Herzegovina,2
Latvia,2
Iceland,1
North Macedonia,1
